Actual RUL,Fine-Tuned LSTM Prediction
201,182.78723
173,192.07568
90,146.17601
208,183.43312
90,116.86591
125,128.54001
33,46.48912
215,172.72989
196,191.0444
37,32.02575
93,91.64692
227,207.61205
181,184.00342
87,144.34885
111,129.21835
44,48.838036
96,105.27448
178,187.51746
3,6.8345823
1,19.096476
147,133.23396
60,54.36073
78,75.71406
42,50.380745
138,132.26953
146,174.80008
9,10.1183195
156,146.14426
52,59.786522
160,140.16463
114,176.13687
86,82.446335
142,119.107285
142,123.84483
103,98.07259
173,163.70831
142,135.19632
73,68.10921
59,67.57738
270,204.08597
167,187.16548
202,201.26607
11,11.978889
41,47.6029
102,138.05441
151,143.71533
26,32.322945
88,71.321
195,154.04466
127,106.13484
159,192.27039
85,84.89609
40,56.58972
116,132.27086
138,108.989975
278,172.83884
72,49.78591
124,174.15845
152,183.96603
69,68.96297
148,121.47882
151,136.65356
150,111.447624
174,194.93301
149,171.2181
17,17.25674
20,17.848274
12,9.325964
90,79.94093
113,101.82849
14,20.781792
7,6.8611345
139,134.7564
174,110.86368
130,159.5694
49,47.106556
14,21.66701
150,166.32828
78,71.36063
142,158.19078
96,97.39379
277,207.80753
38,30.209934
149,187.8836
89,106.72372
82,91.30866
21,25.7889
88,125.59078
15,21.230316
96,101.90474
25,27.276344
94,72.038864
34,42.126877
213,178.90732
139,130.7822
83,83.28857
149,151.9418
62,74.43973
31,31.295044
92,179.51028
24,25.92179
277,27.857754
151,159.64569
34,45.938606
38,34.40181
215,147.71613
38,31.606354
22,31.811308
198,192.84915
192,166.81824
53,40.154083
110,88.05169
102,126.00314
189,131.25662
143,122.1895
117,163.78717
26,28.229551
87,68.83319
155,162.56104
93,112.18062
148,171.81976
99,170.975
69,54.68937
143,110.07005
167,164.89719
123,185.30106
26,28.007746
32,29.33185
64,70.19229
192,215.34685
155,189.60645
190,204.55899
197,202.089
105,174.51727
270,206.1388
238,166.35202
44,57.18107
90,99.66376
37,35.270786
215,179.77092
140,144.73882
123,183.99306
1,25.99222
58,77.4089
23,26.840921
57,67.82186
39,32.788136
52,64.32416
141,114.63827
156,167.11728
38,30.439901
141,198.30824
184,191.09875
86,86.58709
199,182.53178
13,9.592942
92,87.67858
13,9.428186
193,139.40273
106,151.02803
43,51.01008
48,54.56219
44,50.616634
100,125.44464
127,191.7934
52,69.58527
57,52.923843
118,100.440094
15,15.832464
112,161.07413
44,44.196125
82,81.31004
52,64.21616
49,51.448418
158,129.86205
101,116.42038
90,87.0093
66,83.948456
193,202.12134
189,200.12222
127,99.657616
7,9.72053
22,23.754702
99,131.05414
184,106.82832
44,50.30455
153,162.8922
38,39.86809
21,26.15949
38,35.401993
202,153.47235
124,167.46632
176,173.20486
5,10.11487
196,160.55533
52,71.80469
40,30.041273
31,37.312347
273,194.09787
65,62.610138
87,88.23737
130,162.29741
160,169.3803
145,203.62848
79,71.594086
124,119.13313
3,24.891443
63,53.613472
90,80.41021
29,32.84639
289,166.95474
108,126.11156
173,192.0891
181,163.11975
50,56.445774
183,161.00858
164,172.57324
174,183.45111
38,36.214485
132,127.68072
116,157.24179
143,203.64996
144,171.06114
154,46.04646
114,103.736404
60,56.460793
112,144.18333
146,139.15607
156,114.034134
142,108.662766
35,47.835316
79,66.927216
68,97.723465
106,118.28594
103,118.84866
34,33.099945
77,92.657684
93,101.80836
142,153.29796
180,190.92247
100,143.41165
33,33.728188
11,10.091941
87,84.67164
38,53.43359
166,184.44377
19,18.20925
76,88.277916
1,60.458427
13,12.437881
11,14.813721
180,148.50748
199,172.56908
124,102.18566
43,35.05113
150,146.43301
169,22.258747
190,192.54565
140,122.96837
74,85.455055
124,182.05011
195,145.21689
67,69.1438
114,90.30788
96,126.322685
127,167.75812
31,33.557198
104,94.61316
187,153.28702
119,169.83572
138,127.4786
47,48.506393
104,121.74466
1,8.810352
345,194.9586
1,18.536633
6,27.522505
11,16.174522
75,79.53237
49,51.341347
23,27.48737
77,92.27542
99,123.50918
219,190.17268
111,157.43552
75,81.90035
175,134.72314
39,44.802845
44,36.61812
3,30.579178
116,181.1549
85,82.18387
9,10.811241
176,157.82738
104,138.55902
29,42.940735
197,191.66765
28,25.911833
251,168.17444
24,33.256878
316,159.57314
55,44.216408
9,7.728183
184,183.13368
27,18.904078
56,52.625282
27,25.407679
0,65.43456
27,32.480495
35,32.474586
75,106.72394
53,58.472626
52,44.306908
4,16.695822
147,150.33035
65,72.82715
18,21.248547
35,46.222218
62,66.37718
69,103.41734
223,199.91339
168,149.9942
26,31.254118
2,16.404118
85,137.34848
94,86.44734
65,58.83017
66,84.083206
54,44.64879
157,150.98216
187,208.64569
82,86.34047
140,161.98639
197,162.22256
149,162.45673
63,69.35304
131,107.74392
51,55.580406
253,202.85358
51,49.145775
132,175.55246
92,84.22475
49,50.074944
167,175.98517
123,153.29959
240,194.09145
11,7.9834404
102,120.65561
103,116.530716
60,74.518295
90,112.3088
50,44.078728
23,24.35412
72,60.40136
152,176.91663
77,59.842216
126,150.0016
239,203.43246
198,183.01805
28,20.133009
27,26.690432
27,27.368784
122,161.07776
78,144.40102
60,77.66162
0,65.87236
82,88.143295
22,17.089905
70,69.830376
2,8.546413
2,47.920746
94,94.385895
204,158.15633
128,164.56317
18,20.292717
4,6.787154
200,184.46503
10,12.521309
22,24.473907
199,195.80132
94,80.79898
34,32.482098
160,178.42142
166,120.14597
112,139.62082
127,178.58923
125,94.97615
20,22.486921
13,17.441114
20,19.944971
104,106.830734
51,72.414276
124,152.56165
44,46.97393
57,51.65889
138,140.8616
79,134.64459
16,24.82076
23,30.464731
45,40.131554
128,112.43103
72,69.092865
114,115.58275
167,204.25842
273,187.75613
209,191.13956
95,132.76118
91,152.34772
220,193.38536
133,172.95139
133,171.48792
135,113.47503
149,136.6762
43,44.526203
100,145.18103
164,193.78682
152,207.74428
49,41.643112
146,130.94748
243,171.53098
49,53.709816
262,209.65858
311,190.01633
14,17.85941
75,69.07332
121,147.08163
102,189.7871
209,20.312197
69,66.48386
104,115.665985
82,94.798416
88,113.6017
19,14.595455
216,182.12936
14,16.786018
110,114.82001
81,81.80347
53,54.477554
126,104.11498
150,180.92014
124,85.81219
171,188.48486
197,187.87683
16,22.411514
16,17.0482
226,211.58298
76,68.06829
130,156.09576
271,207.39865
9,11.66289
90,89.057526
148,128.10326
96,71.94327
101,99.39064
9,9.828313
134,147.49165
113,111.594025
198,193.1866
87,79.80982
93,82.834114
57,59.746437
134,166.25665
238,164.49756
91,103.641716
55,66.474434
34,39.266113
8,6.8253326
79,82.095764
165,200.88129
2,22.263226
119,186.74863
144,105.848915
50,56.964314
130,112.754585
44,49.979908
105,98.099655
68,57.24732
89,71.941216
109,119.840935
48,39.60271
215,210.24106
174,147.00185
59,84.27977
106,151.65782
137,130.50935
216,178.4412
71,67.11514
45,51.58835
49,65.53615
40,43.984386
121,181.87756
105,74.87398
16,14.325763
85,126.14813
18,18.923704
47,53.343422
36,52.62901
47,56.78935
93,68.29359
214,181.45708
11,13.4446
37,40.77794
31,32.97769
209,207.1763
39,51.06495
56,66.84187
107,112.6998
85,113.19698
69,87.398026
12,15.120545
165,166.80037
42,33.685684
94,130.34467
38,35.666027
76,140.56633
75,93.00362
55,58.823704
133,106.520294
87,82.23187
119,168.0477
44,34.81567
112,92.27869
44,38.994522
4,7.4673834
149,191.36267
7,7.056225
35,32.561916
185,188.82846
48,50.895004
11,9.928444
230,49.25072
107,110.49904
83,84.91737
162,129.41763
156,112.518906
130,194.083
135,117.307495
59,49.777683
16,20.136337
84,82.687904
63,51.86364
134,164.57692
25,25.513918
118,97.73801
14,13.99893
181,167.46457
37,35.17999
91,179.52469
144,201.81221
101,132.29755
9,11.081495
210,189.25842
106,85.00202
174,154.55627
277,159.55792
182,205.36028
123,111.49532
210,189.39853
50,51.808266
125,119.987755
153,136.2637
12,19.545805
132,185.2758
215,200.67882
122,102.52176
3,18.284657
169,204.76645
166,150.45694
135,162.64862
121,153.19418
237,189.32076
86,136.42326
95,110.78325
15,16.556917
0,27.649813
56,56.597786
57,54.677917
111,113.59053
43,37.07435
132,159.95572
106,131.25214
70,76.57222
55,54.006527
145,146.989
75,72.23384
118,129.64565
169,157.98221
136,141.263
355,205.14548
161,156.90733
126,161.77982
181,183.17383
248,183.514
223,191.82874
167,176.7842
10,12.558639
92,110.55492
26,28.982525
199,203.07167
87,84.13324
156,169.70197
59,50.10149
238,201.60437
93,116.99469
11,12.6954
46,50.010693
76,65.27521
25,18.622965
56,51.938866
127,153.81445
105,83.934975
34,31.875824
142,104.7248
145,185.2243
3,11.334607
40,45.557106
37,45.022873
189,190.67543
62,60.22929
167,171.51122
174,157.91411
137,181.83603
25,23.016447
22,26.05433
58,50.298412
12,14.515395
38,37.211678
118,134.9978
8,11.732105
20,23.736212
58,67.791176
48,68.71789
137,122.79638
72,86.52765
43,47.90851
157,120.8114
85,84.36209
111,72.29877
103,113.62462
28,41.026703
102,101.69615
53,52.106133
162,194.61243
8,7.153191
107,98.514496
141,134.8966
103,102.33072
32,31.835875
156,195.80875
144,156.37549
113,188.8074
115,92.87419
82,93.03895
66,58.990746
122,163.98038
46,56.328247
196,199.40918
28,30.63112
103,131.49658
198,192.90315
35,34.5766
114,177.47278
128,139.16101
87,113.679375
174,113.02583
293,200.35016
177,162.86713
147,176.90598
91,78.73184
53,64.7091
48,51.25322
118,139.87933
131,188.97284
22,27.210146
122,116.86556
130,154.261
103,103.175705
5,11.682689
2,10.031988
21,23.957525
33,39.358047
0,62.106613
108,128.62753
156,142.60515
224,181.33194
52,56.164112
240,175.93048
145,116.501755
175,170.21207
242,201.65718
43,48.88765
97,108.57321
51,48.706505
46,53.037693
169,160.68091
349,193.64346
40,39.929146
133,138.14487
192,181.65942
145,137.82852
93,164.1489
10,13.045777
197,207.32947
103,95.35832
14,13.775778
25,23.200804
235,176.9
121,120.61587
178,157.86389
137,137.85541
66,78.71372
22,20.48318
146,110.679184
128,194.09863
77,75.97171
0,32.196884
115,102.552666
59,82.96004
34,40.92157
58,71.469406
182,201.46317
54,75.42297
83,111.56622
109,153.68147
144,179.8493
41,41.113358
141,118.05394
125,184.54051
139,128.39594
130,144.29384
34,36.15802
69,84.32884
138,203.73132
135,143.61343
61,52.729103
136,127.1101
128,131.14568
61,95.524216
41,48.747265
153,161.14612
132,92.84131
73,69.23233
41,58.770332
85,77.93444
57,67.87714
9,10.971529
3,12.454849
90,104.347275
103,87.86888
173,183.40884
192,186.23691
63,84.14685
99,106.776474
6,5.996238
148,186.12814
123,120.198555
61,64.90526
102,145.37413
120,97.61254
31,29.638336
26,29.277391
109,126.43268
37,41.56942
139,103.81585
24,28.423944
69,103.4877
77,85.45102
157,197.41763
121,166.23683
8,11.016742
57,53.96689
35,31.976654
19,24.552374
29,33.250946
132,86.07476
140,189.70053
109,91.024574
38,33.358715
99,78.83124
147,122.8289
54,58.805016
87,66.69374
100,99.36959
57,60.831245
108,131.5071
123,97.1131
65,67.085495
188,201.16214
172,187.33566
0,72.20144
82,82.57692
156,194.5569
105,124.94477
252,173.62805
181,179.72758
125,125.37219
89,139.46756
1,37.296272
92,98.00723
146,128.34875
85,71.847015
76,91.868
60,88.85779
115,177.75122
40,37.103497
90,115.1792
136,112.08995
8,6.9952707
333,199.2547
236,203.27316
50,50.399384
56,56.027454
44,47.34565
53,54.58728
4,5.390464
37,45.362804
102,152.81635
19,15.946839
176,140.74174
55,67.75536
56,69.026825
5,12.91844
71,99.67996
36,37.28775
177,118.56998
7,9.895917
309,177.52176
183,175.22122
58,49.712173
135,117.5649
97,149.80574
144,183.67635
1,74.28735
0,32.302544
154,107.34177
28,32.778008
62,72.189224
202,149.66495
176,179.00175
37,40.93551
172,179.22055
88,93.76505
65,74.81093
123,176.39978
161,179.13428
170,122.74327
167,176.50278
129,118.651245
108,136.36139
42,45.742554
45,43.509804
58,44.597023
189,153.85577
132,159.40488
162,164.6949
160,196.93692
18,23.941978
164,176.46259
25,29.60918
116,98.11054
152,158.01045
135,123.26546
63,66.60986
49,57.713314
225,203.85445
135,185.30502
85,63.36221
255,165.04813
213,183.53183
120,163.47171
15,15.292515
170,170.8215
248,187.70184
20,19.006721
156,139.18102
10,8.163126
117,128.4349
177,142.18256
10,13.167712
41,44.67554
1,78.36052
76,114.31208
63,69.57071
126,137.19113
0,61.71622
96,102.707695
100,130.86151
18,27.013416
182,194.17377
15,24.17538
84,102.87987
152,154.9115
228,146.59201
123,195.33884
176,190.29224
108,155.90416
24,21.924513
28,29.663729
135,191.95137
265,206.71738
10,9.464737
188,183.14343
107,80.432755
63,45.085045
63,67.50253
119,176.9116
16,20.034815
136,169.81915
174,153.47324
152,191.55412
118,159.15964
67,64.74947
152,151.24858
36,40.679115
41,45.027138
110,150.8126
48,46.803497
76,84.32692
17,25.255323
92,93.760574
5,6.291191
139,181.04277
19,19.937744
125,132.73532
87,105.34645
109,132.19978
15,15.322411
108,78.900856
175,129.05994
51,55.48417
84,190.10449
266,195.21365
256,191.7001
186,163.57336
235,206.34732
191,175.57877
29,31.939516
73,82.74623
161,189.77258
57,84.84972
163,165.43579
171,188.47614
29,32.32079
75,69.31839
30,35.404926
199,193.34732
45,47.574875
98,107.73291
97,81.47876
166,172.65689
134,139.97597
19,22.348955
212,178.00578
107,119.09803
95,123.61958
83,60.48646
67,68.20031
183,124.53369
157,125.38362
112,162.16537
167,163.14722
34,39.299698
242,171.00113
141,185.83086
159,160.78632
118,178.06494
2,11.779207
152,155.10962
12,11.046583
121,181.77243
23,27.613207
72,92.27818
182,197.53757
143,136.55273
87,91.32646
20,23.615694
181,213.14047
22,16.126753
231,196.61758
105,203.93716
256,208.77414
173,135.48785
107,126.013535
102,92.532776
9,8.395151
106,143.44351
77,81.31354
46,49.561043
61,75.31966
113,109.0035
111,110.39055
64,69.79521
113,80.1805
146,178.37115
93,95.01717
166,177.49002
33,38.230755
66,69.62535
181,139.04968
74,61.75393
100,107.63728
32,30.769007
58,50.20163
42,54.766617
141,199.00433
49,51.47039
80,67.05636
99,119.775085
101,107.71098
114,116.98192
170,157.01123
97,114.579384
33,40.092316
142,165.2725
159,146.0101
106,87.82567
42,60.436066
136,111.93459
160,169.5662
188,199.97583
45,34.037533
41,51.698708
135,166.34828
5,6.045006
95,99.79283
117,116.69156
148,191.35916
74,101.38015
71,70.2608
17,17.821732
23,31.343212
56,56.01369
10,12.112625
172,136.07262
94,124.92017
15,17.720789
36,39.875813
71,69.90882
84,117.940994
6,6.354413
57,59.775055
8,6.983186
0,24.429102
179,196.2584
132,122.666794
144,140.69083
148,152.62674
172,171.81097
116,171.6737
12,14.256073
149,160.50104
22,22.283861
20,24.939129
110,97.003265
44,52.008575
216,181.53494
86,78.51661
177,200.87497
119,192.3122
2,11.384638
80,97.33297
140,181.43658
155,137.66327
186,119.27708
47,36.32242
95,80.09912
268,195.6619
141,115.18435
139,115.32133
73,83.65076
5,6.1229305
49,47.348274
122,101.38423
73,89.16196
0,50.9087
191,149.44534
124,122.97977
134,156.15433
56,70.49579
62,79.07918
9,7.2943263
89,69.791595
33,34.502964
163,158.15341
116,173.63818
186,188.28064
104,119.517365
28,29.081476
110,127.47751
19,22.00448
42,38.43071
123,137.75607
57,63.200676
111,151.8816
166,161.07332
226,182.33585
94,71.648224
149,108.661865
102,108.73924
26,30.506817
138,191.7875
26,31.989288
137,191.0938
104,121.60479
133,189.50003
85,125.0423
123,180.57448
123,114.15228
70,56.650375
181,165.45773
133,97.73489
222,180.06583
229,192.3073
141,131.17607
141,154.60844
130,139.42383
287,175.67607
183,157.58511
115,168.82034
64,88.50479
111,156.16205
62,69.56671
113,118.753105
205,194.7362
52,52.25358
96,81.52199
3,7.0307264
137,105.366
197,160.47981
72,80.774345
103,146.63779
165,173.98975
100,117.32182
265,191.79044
171,154.70724
164,164.93127
248,176.8081
62,69.23767
65,73.52817
62,62.12453
56,70.30354
179,184.9503
163,173.95
26,25.18165
133,176.69586
16,18.309988
121,156.66365
103,128.99182
10,12.114397
148,185.14911
161,155.67459
157,162.3002
174,185.94336
141,163.80948
71,87.82108
203,199.0715
122,191.02625
208,162.41898
122,100.18154
47,52.433716
80,99.70453
335,49.5901
52,51.210163
115,73.918465
16,16.810698
74,78.62293
80,115.91795
40,50.56604
81,67.66203
74,62.372963
155,184.43872
170,142.3735
115,179.18253
51,43.871334
60,59.755146
123,184.38405
70,62.498318
156,192.41159
79,88.250496
115,144.59201
79,126.116875
187,121.01539
137,172.95377
122,95.994125
118,157.0558
90,152.19954
107,121.73065
1,24.003433
93,122.84559
133,154.91278
152,176.27798
64,59.46815
4,9.128108
128,193.0574
106,99.28879
76,159.54837
148,189.18976
66,95.28297
184,175.81836
168,191.95332
70,46.495823
148,138.74547
287,159.72676
146,143.2991
15,14.838537
149,176.36865
168,143.83951
153,184.1705
203,159.57709
201,201.89742
184,191.84943
61,61.361156
223,176.39438
133,160.6452
31,27.016571
48,62.558495
58,71.11461
146,161.74448
148,165.5978
230,180.58864
201,183.9126
131,165.63565
60,65.168724
88,114.54947
138,133.13107
168,181.73781
157,164.51544
125,114.64606
166,130.26172
25,24.549776
51,42.714436
166,177.13617
22,27.452492
125,123.96607
77,107.04071
59,52.22986
54,53.619606
30,48.7956
250,186.1753
163,156.06888
119,170.03552
172,180.65405
153,175.54817
2,20.751532
119,92.25037
183,175.41223
103,146.15813
202,189.89264
283,169.98502
0,66.189316
177,209.86073
74,60.500618
62,51.542374
77,92.28819
142,134.98582
102,99.376144
82,73.95941
77,71.3965
55,49.96389
84,110.34057
0,34.575623
101,156.36443
92,67.26449
189,156.60461
85,89.11726
125,181.78133
6,7.5836353
90,146.18156
125,144.61346
137,97.876495
131,122.40289
34,30.450262
134,125.94771
9,9.000299
145,159.99797
78,74.34039
74,96.844696
90,83.14736
229,190.08699
166,167.92308
129,165.57971
2,12.097616
116,155.573
100,138.57483
80,92.84682
49,51.065895
209,180.68408
181,180.96857
73,78.24672
73,63.214447
199,203.15671
108,127.499855
45,39.19161
112,78.23372
65,58.455242
154,210.96527
165,150.81206
63,65.24234
184,189.62926
171,157.97882
120,120.591255
2,14.287487
111,128.38121
104,150.71825
212,208.7341
14,14.370277
55,62.635178
207,151.65631
246,206.2151
258,188.92615
130,121.27822
119,120.65732
187,89.220764
116,184.14403
2,11.961208
33,39.03318
174,137.83386
26,27.38889
155,160.82669
32,42.32071
176,162.99855
30,32.683598
39,35.85418
85,79.07191
281,164.39206
42,34.418346
9,11.663729
176,202.23041
148,154.92886
202,197.1134
308,199.74582
49,42.21744
238,195.52852
175,196.96361
329,198.42978
1,18.264261
57,60.276566
139,167.806
195,200.29626
187,126.22682
99,140.03294
64,66.803345
106,122.48428
10,9.016638
48,50.5349
51,55.490273
218,191.84167
140,168.09166
110,86.08702
58,64.54975
126,118.35919
89,82.562225
93,73.99682
190,211.95805
4,33.052956
105,125.64623
60,61.489548
1,45.611088
176,195.64651
128,121.53699
156,148.6961
103,87.29463
71,97.2336
109,121.4291
15,12.554789
163,190.34048
117,179.71695
101,94.341736
80,90.626434
86,73.01673
146,147.98175
169,168.35486
82,83.60878
147,158.93051
53,68.49794
11,11.266752
33,38.15179
21,24.011759
42,47.446373
1,21.55736
212,153.25378
78,68.05294
9,6.523197
40,51.207924
169,186.60889
203,199.34808
193,169.63962
22,22.387686
34,41.531837
171,195.18932
137,124.37172
53,49.859367
21,26.96572
48,52.63155
205,205.7018
175,139.31508
107,81.83975
153,142.40236
89,114.52056
25,25.296125
40,38.536922
176,181.22125
186,201.05432
116,124.43292
3,9.1727
27,31.731112
163,126.83719
22,25.687845
53,56.10257
154,183.2358
140,95.70091
183,193.07916
17,24.012648
255,208.66719
75,101.02655
157,150.21004
114,94.91336
105,109.11486
46,44.108116
86,117.148056
110,114.19422
154,145.71515
202,203.04596
24,24.591116
7,9.392397
207,193.28586
71,68.61435
91,81.12442
94,114.8114
96,76.82686
56,46.505615
124,114.49702
86,83.79259
115,106.62123
108,135.91473
208,174.76263
131,138.11014
77,101.07206
21,26.88761
147,96.692
7,7.4575577
48,74.333885
51,43.545296
133,145.72449
174,154.53276
72,60.591934
130,120.88899
193,205.0951
0,13.489048
102,97.688805
141,180.3609
82,103.75618
172,193.70364
250,206.44522
127,177.0122
178,194.30817
118,101.133446
280,158.16035
137,115.03496
111,130.9996
1,28.713205
109,69.61957
100,136.57755
42,49.542618
203,207.17612
156,187.05609
152,214.9461
10,17.259554
187,154.905
170,195.2084
118,94.75328
156,126.03394
46,49.263313
11,10.972419
177,156.25653
105,122.77465
141,129.17422
110,96.42441
90,69.3167
225,206.81203
58,55.02538
104,148.10754
47,55.952835
67,74.05907
134,90.36829
126,105.43411
98,112.438805
26,25.507965
228,202.32062
150,145.78857
96,64.295296
105,113.561264
226,164.30174
71,66.81842
92,61.837906
53,53.37369
72,92.250824
82,97.99815
109,115.24292
167,152.11572
11,9.424936
83,94.86575
5,7.0105877
59,54.387497
69,78.78025
117,174.40474
193,78.09079
39,40.84475
161,156.73822
28,23.478205
181,176.78784
39,54.80254
20,24.834408
119,145.53043
47,59.110477
23,26.009937
149,167.97621
151,133.3104
177,179.13681
130,179.05322
75,94.516106
53,47.04152
59,68.15463
176,200.27092
26,21.031487
90,116.52117
123,94.59885
267,173.07593
175,150.80396
284,155.46594
45,53.59502
329,177.10179
69,68.977585
85,78.32724
44,40.773796
113,142.13382
21,24.701609
20,24.1867
272,190.94171
18,20.59931
147,139.92694
186,150.75229
18,21.428988
73,65.47969
80,74.80977
130,185.92606
0,65.79258
105,111.32981
99,132.3063
230,177.73364
162,184.97728
291,173.366
143,169.49103
194,180.46147
175,166.09615
123,183.3341
88,138.96742
104,120.660614
20,18.753016
164,168.75388
185,165.26028
226,177.65614
34,37.620823
232,193.08589
128,181.56924
139,175.89908
74,89.99333
166,185.6196
185,116.18436
86,77.09893
205,157.95204
55,51.24933
46,58.365196
140,194.6641
184,189.20174
94,133.76666
22,26.806265
104,119.90104
147,119.80349
271,203.0672
22,24.545187
23,25.22933
77,138.87256
139,156.0954
60,55.087936
234,161.61475
53,52.730858
52,33.019104
103,76.58452
42,35.52444
207,175.82843
173,200.1276
133,171.28232
110,133.72983
32,26.343998
25,28.442814
147,159.38905
121,109.48628
180,169.60358
85,92.42425
182,157.06914
147,203.3222
202,181.95656
38,29.885334
126,175.75256
14,8.95819
23,32.412445
42,37.54893
34,26.488684
57,50.583687
60,61.1819
254,207.20676
2,16.944345
79,95.31365
207,202.27708
185,192.96066
150,182.43832
78,68.04262
4,6.470247
155,166.43735
107,136.36807
46,42.60543
173,186.78249
98,163.03241
107,82.55075
95,67.30908
17,17.56986
103,133.88893
155,206.20572
54,39.864388
161,201.3418
113,108.76938
2,48.296795
6,6.5511537
189,184.33292
160,124.54757
211,214.85023
54,57.028385
44,33.9498
97,125.78354
145,157.96906
67,78.791626
249,184.64975
16,18.301064
62,62.76046
126,111.093765
24,26.666784
89,107.76813
158,205.4035
110,135.19868
243,186.2374
73,99.617096
169,152.67831
72,85.36328
69,81.16092
80,112.386635
42,49.962887
230,197.72731
34,46.137085
76,99.20167
128,157.95801
247,204.58664
30,30.028843
54,52.830887
96,111.07299
58,64.393654
62,65.52112
108,132.6485
213,187.63028
134,148.14053
31,32.17553
74,83.33618
31,41.663353
203,207.19196
25,24.189476
164,167.93887
41,36.97279
5,18.953218
175,175.12723
31,36.716225
171,143.82336
51,54.26719
112,166.40031
119,137.887
74,88.15187
75,90.31903
158,186.64146
128,113.56055
27,32.539307
73,63.23211
117,149.69151
162,150.02185
87,126.13397
90,87.535736
49,52.23066
132,133.01337
81,68.61575
81,97.69028
184,191.19006
69,55.291405
227,188.58754
89,96.90553
82,65.55559
108,84.993774
80,68.2457
147,153.397
0,89.70659
165,137.87476
130,158.69464
149,109.557945
41,42.875496
192,175.82051
71,68.63053
219,189.62794
112,165.90977
160,145.54306
126,132.4515
44,63.410854
166,122.41214
71,84.69757
149,146.1706
86,71.80384
69,78.23152
88,86.37657
77,105.62114
242,173.4479
48,44.64608
47,51.10391
81,80.420074
161,191.76068
65,78.84927
60,62.042618
206,191.73111
110,119.710205
51,46.78579
4,20.72826
156,172.01682
13,13.504038
121,121.15627
38,37.72933
121,88.91024
189,131.08385
69,79.24875
332,200.51984
99,152.44049
159,173.87923
29,30.130243
41,46.686844
157,189.91109
32,30.128344
119,143.35526
104,175.91437
257,188.67227
36,44.872654
108,136.59718
34,35.622345
113,140.6072
111,154.62434
28,28.858004
47,48.26616
164,197.13115
163,179.77469
136,184.93823
50,58.841408
78,84.47266
246,205.4258
55,60.973686
74,73.144424
96,91.46332
9,7.3066635
169,198.64395
148,140.80724
52,46.025303
131,158.42352
1,26.287878
77,73.80838
184,192.25174
130,85.66693
34,25.9022
5,11.096156
0,74.65241
208,206.06685
144,186.79745
84,102.34455
139,154.23398
93,107.833725
0,15.817836
114,120.96839
146,145.30223
122,113.642815
191,187.03003
67,80.68259
156,164.80724
134,106.614746
148,185.10307
211,197.81726
110,157.10544
8,12.190316
67,63.30532
106,110.80971
127,144.40396
200,167.56483
145,140.08678
202,137.37564
109,119.12848
33,34.36781
28,27.810192
126,121.40261
76,68.03508
117,182.98795
59,72.61146
3,8.814762
58,55.50192
47,47.0625
108,128.38765
123,93.86291
88,104.8352
50,49.01982
146,165.58844
40,29.584738
4,6.91218
105,127.25645
49,35.62014
179,155.08527
154,128.70863
36,34.621185
151,91.014084
6,9.698198
102,94.54961
212,31.611034
103,117.8428
60,80.36992
92,114.64079
55,47.006058
116,165.40858
146,187.68713
153,179.05208
147,165.59534
180,137.51736
137,180.64348
114,126.33427
97,122.49208
10,12.031022
8,8.755101
24,27.244818
38,36.985657
154,134.62415
158,155.9358
202,207.12074
100,112.34585
43,50.832466
139,150.92174
83,112.18936
126,126.786255
6,6.0898666
246,181.4371
118,155.85703
10,11.45756
121,161.55196
92,95.42313
158,156.20876
97,88.07744
146,155.82182
129,139.27603
48,63.720863
24,27.78705
192,171.5924
66,61.587658
0,31.34231
133,150.38568
151,122.796684
139,134.80579
40,30.517187
4,6.222809
125,124.6662
98,141.21988
177,192.15079
143,118.47971
51,61.500366
124,154.59326
196,156.98795
6,7.8134184
140,177.49545
143,189.41711
125,136.43932
163,114.914406
69,61.57035
12,13.94348
239,189.16443
31,25.616297
51,53.711197
67,79.50893
159,153.47592
162,157.27629
154,177.17694
79,110.03701
30,34.049175
254,206.11874
166,163.14673
73,77.150795
143,104.54797
17,19.755144
259,194.74557
41,45.318253
123,144.82817
125,181.88329
68,52.269573
254,187.36723
181,149.28555
153,203.21194
175,187.8051
236,196.45523
15,15.216577
180,175.56161
22,23.599016
128,158.39954
47,49.808414
212,191.65715
127,105.91274
74,90.777084
90,93.86611
267,198.07605
171,193.72037
138,176.10042
86,79.314285
270,167.14717
57,58.855946
53,55.22837
118,148.85089
164,162.89233
131,91.73834
27,38.79667
154,182.6958
17,14.910652
182,140.264
189,159.05406
84,69.00469
135,162.67511
37,40.9718
130,182.02582
42,49.32769
123,186.8652
144,120.4511
110,136.87708
136,162.04366
75,67.47961
34,31.391613
39,48.910736
142,134.5817
89,168.08371
105,92.963905
97,118.82592
109,88.16153
119,125.670204
103,100.68718
99,150.20602
212,196.54803
19,19.009092
140,185.65497
126,123.38295
160,142.65295
134,166.74101
141,138.88763
78,105.43155
1,86.543076
47,53.80641
52,53.80334
143,204.01617
6,8.093641
248,166.48204
104,70.98671
94,88.335144
170,141.37164
215,171.08032
227,176.44801
8,7.031506
148,118.22451
316,185.41814
178,139.22023
97,86.337135
109,126.14771
10,12.252511
104,123.242355
68,68.89192
37,42.473694
17,24.690561
128,113.9095
95,117.91608
177,183.08495
202,142.49153
138,159.57628
44,44.69066
113,137.88898
176,179.94232
43,33.356705
30,37.284027
29,25.286016
99,139.72592
5,7.2835703
99,135.93927
19,22.905315
160,155.82388
122,111.53093
196,201.38351
140,176.82666
156,190.88313
88,159.63591
133,149.5351
108,118.95057
27,28.223001
127,188.71481
72,71.62428
274,201.44121
33,35.494713
33,44.21753
30,29.927938
69,63.76705
162,138.12238
50,47.63469
112,86.64781
151,178.7417
33,31.791327
49,49.843437
241,204.0399
25,30.13628
52,69.21972
121,169.18423
24,29.292284
138,121.866646
67,59.289696
84,100.7731
135,172.78976
100,64.2993
167,192.90582
29,33.803246
36,40.25915
84,77.157486
143,132.05673
115,137.3146
251,202.26512
107,86.5206
116,190.70404
40,39.467262
43,51.61958
0,80.30581
9,11.083312
90,64.47634
237,166.88678
128,169.92538
53,51.38099
80,79.886765
166,192.8063
88,142.00397
246,200.23546
149,171.0133
96,131.46797
60,47.265488
61,75.28516
47,37.782932
101,123.618996
55,81.554405
183,147.23303
128,183.98059
77,85.16817
32,37.79944
153,137.73174
152,134.99358
5,7.0287895
34,27.298311
166,184.8678
86,101.58394
152,166.78145
146,60.485786
182,184.24559
143,122.51364
206,186.69702
166,191.72296
11,9.431696
11,12.480078
24,26.750519
102,97.04454
39,47.011543
26,30.268223
3,7.065612
63,58.48419
44,49.044815
150,174.728
47,53.766785
63,67.82057
188,166.21887
88,106.76179
142,118.392075
82,66.375244
325,202.3314
157,158.31761
94,100.4646
69,76.50542
44,54.73642
61,89.35128
156,111.93406
194,202.73843
83,105.5596
82,88.44415
207,190.77458
287,187.4851
70,85.61188
185,198.97266
42,42.88334
147,190.32161
84,88.69319
16,18.335577
193,187.28001
167,142.6513
124,101.13195
234,200.01965
156,156.49911
63,56.77419
121,170.12729
81,82.670654
72,54.467968
117,85.84976
208,187.47684
125,207.21231
128,175.67334
91,83.84587
146,123.976425
125,157.15387
109,112.56215
84,71.87755
154,171.7425
42,36.77272
176,213.26431
63,80.30516
36,34.702507
102,110.137405
70,105.485725
207,188.07355
160,160.74477
124,129.97682
99,174.58194
110,135.20088
299,197.01643
56,50.72482
13,11.458493
146,132.0688
186,189.18236
60,70.62731
113,91.442795
27,29.119886
132,164.69522
194,135.73737
93,100.969604
44,41.283558
14,13.123286
119,107.57587
38,46.74506
7,8.309738
127,184.21172
108,144.47849
40,41.33683
67,80.26051
135,120.77348
1,33.734543
0,40.278114
77,109.81113
266,192.9949
49,53.62377
169,167.22858
158,135.24672
85,77.372536
192,128.5225
199,199.579
91,75.526375
159,181.27362
57,66.01218
39,52.560287
88,79.81645
0,40.120735
149,154.37427
86,107.12665
175,192.9768
122,186.52327
26,28.86712
2,6.8013
70,57.725456
100,90.778015
39,47.79284
175,162.92354
21,19.910217
13,14.141531
70,74.83789
89,99.75211
24,23.45273
8,8.603167
74,80.9577
181,193.4079
15,11.585618
119,186.56784
60,53.509
58,49.467514
75,68.96844
20,25.146036
213,187.55104
146,203.87898
86,82.34898
85,125.956215
135,127.19479
173,126.76369
64,73.914825
33,37.119743
80,70.12903
102,101.18642
36,33.805977
60,66.527
101,151.78682
98,104.449326
4,19.571148
194,62.926285
157,197.74472
96,112.12601
148,168.65314
251,186.38528
46,65.49783
120,92.39642
184,145.11555
215,184.65767
145,160.70029
208,205.52872
136,119.46529
25,27.545351
32,38.451878
109,94.090805
36,36.851048
56,62.11551
58,64.706085
16,15.253871
150,197.97125
112,98.88789
9,9.089488
161,171.46469
165,158.42676
111,94.05961
100,156.5249
140,147.2573
33,38.932182
19,19.762123
60,49.113106
191,106.78961
91,98.26066
75,68.817535
51,41.203087
130,152.34224
68,81.32298
203,186.2337
11,7.370087
186,179.68785
87,119.86127
79,71.05324
25,23.342466
165,112.1761
112,153.09982
36,35.719215
55,49.150406
311,208.04475
0,63.16147
138,153.44208
150,119.5495
85,95.15669
57,58.224174
51,60.098183
107,170.12283
106,117.96464
164,177.63586
159,164.20807
50,82.21033
79,94.41714
303,172.96544
39,50.168755
91,146.40802
118,145.75223
30,37.52758
33,34.85518
91,72.35887
26,35.415524
223,206.56714
129,194.65784
28,27.870737
76,98.50946
248,203.46838
126,162.62717
30,34.492683
17,15.921737
157,198.05167
118,179.28667
102,126.57701
83,72.83185
147,172.53635
108,79.32798
139,183.44235
87,114.299866
89,81.55408
156,205.90216
83,72.64035
159,188.00983
111,84.64358
196,197.85696
207,206.0987
63,91.65814
104,108.94577
73,83.47536
129,163.38345
272,192.8192
67,61.728333
219,214.96461
104,98.6499
94,102.25037
6,7.798916
136,115.481186
169,187.11888
65,62.515316
145,165.4952
167,166.12357
170,165.68582
222,194.71872
45,43.57682
172,194.73425
136,168.99588
183,185.55145
142,183.49397
13,15.443728
285,166.53871
103,105.48842
116,174.18878
124,138.33577
195,186.54822
260,190.26306
22,21.63883
179,172.62495
121,146.8613
129,111.19843
13,11.266991
10,10.066481
43,43.29669
131,105.69946
133,106.580826
149,162.55733
135,142.14551
81,105.58678
158,188.13977
191,175.96906
268,194.90964
43,40.535797
180,188.76917
139,189.63019
29,27.515684
35,27.97304
282,79.870735
207,148.35217
23,23.222849
151,130.68736
4,11.412033
83,66.60887
58,91.90724
104,110.787704
211,188.80817
3,17.899897
98,116.21704
105,89.98652
116,98.11358
127,152.8142
197,191.72134
223,193.91963
184,60.235
124,116.17769
43,45.629936
110,123.95446
160,194.9765
102,101.68045
153,211.24011
94,87.85149
15,19.558516
1,10.883823
151,140.0002
162,168.14417
43,46.16922
191,187.06763
129,115.69034
179,195.28894
95,117.590385
185,183.82962
40,49.150547
125,190.47243
64,74.52684
127,184.2007
38,31.597868
25,26.685385
60,74.27182
61,66.12364
155,149.41614
26,27.415361
12,17.23596
180,199.236
41,32.30735
128,172.80194
5,8.001935
156,103.44739
220,166.22977
30,30.029467
217,181.8135
114,144.35545
224,177.6611
9,7.760208
123,148.89238
206,18.110958
79,111.313
216,203.71646
54,54.19768
190,125.16457
190,181.23459
122,100.19443
85,124.202896
142,198.62363
87,123.93129
4,8.587946
92,115.987404
23,24.887999
164,157.67789
176,176.98392
113,135.95868
204,183.33543
20,21.052717
40,43.017147
32,29.335289
68,62.169643
113,192.97493
140,103.900604
150,159.56445
157,158.7055
36,36.846107
67,78.11829
179,154.79944
94,109.797615
54,52.13506
61,64.64063
129,145.83102
75,59.755005
74,82.71003
115,148.81221
56,61.543022
42,47.29513
35,38.634926
112,104.594635
124,106.421135
180,159.04071
158,156.30588
81,75.39956
187,180.62422
78,95.595985
189,204.48453
13,11.44262
139,156.36914
76,71.99806
208,211.05984
125,102.73014
46,47.689392
114,99.56188
139,173.7848
43,41.132683
45,51.850616
174,183.35262
232,154.35706
39,37.110474
118,144.34215
145,185.98654
10,12.922178
135,96.32344
131,183.32425
179,145.66713
158,174.77927
155,154.70972
225,194.20485
167,130.99738
131,168.26825
62,69.86304
128,84.52905
27,26.925724
62,75.198395
107,111.300964
66,71.94833
4,9.196266
129,118.114174
89,64.79375
9,8.53304
36,36.077183
50,73.070175
116,150.68048
95,80.271515
78,118.323944
100,90.15018
123,121.89743
110,90.28212
139,140.04477
147,116.18918
35,32.125298
61,76.40455
73,72.814064
142,180.21736
48,72.27557
295,189.17621
123,140.20241
118,127.45395
189,186.4165
65,66.31923
39,31.265978
113,157.30026
63,86.83904
49,58.189983
124,115.46416
36,38.601196
99,97.82201
110,81.47827
140,144.37045
50,55.68913
110,116.95354
142,125.95054
126,170.87613
61,85.09503
51,44.533928
29,32.865894
99,128.97763
8,11.067327
131,142.59004
36,31.759787
6,7.8270416
189,180.36137
258,180.0975
176,190.0242
126,162.93832
113,127.64862
71,65.41121
266,202.91415
153,158.50488
31,28.297733
152,167.56998
142,138.67136
51,62.60772
231,199.9088
58,48.331757
117,161.91388
204,157.96893
0,50.742466
55,55.676598
184,184.25111
31,34.02569
152,155.79053
101,156.84128
174,120.66696
45,45.58226
14,19.03573
35,43.701614
144,140.13017
167,182.53568
81,101.77629
12,14.03797
114,86.92796
79,90.07289
36,31.050648
62,72.68613
150,114.721115
122,90.03648
84,145.24246
78,102.22015
284,208.17722
93,83.61339
136,162.8866
42,39.05815
38,37.342087
14,14.519296
54,79.92432
98,110.27573
117,143.6666
141,143.19595
185,198.39276
173,139.63126
158,208.33788
196,177.11043
81,96.8263
204,191.77118
148,167.32544
123,112.73306
75,70.19144
126,148.31311
91,82.96422
63,79.98929
90,78.950806
161,211.28662
31,34.01937
129,102.46002
168,165.58376
166,141.41814
43,43.77607
5,14.924648
41,37.87179
90,130.20534
190,181.80124
259,194.26016
18,25.893427
178,208.72815
45,66.52131
20,22.908813
76,62.75059
120,146.08765
112,85.30363
3,8.624908
53,61.6963
50,39.953384
1,64.9216
135,149.97086
178,182.5847
197,188.26773
182,123.36476
4,6.3239584
57,52.750946
56,42.664093
56,67.36494
0,28.871195
106,155.08865
118,131.8469
116,136.90645
118,169.29211
74,78.68938
35,37.31933
218,201.36841
32,45.327766
1,17.008543
286,210.4339
155,156.1121
57,57.58305
159,124.71938
108,125.97747
91,86.06346
80,84.815285
115,91.1771
75,75.34549
68,71.92639
0,86.04253
226,155.79898
34,35.96514
27,24.177317
146,186.60733
115,131.00174
93,77.5415
29,24.212952
64,55.652092
57,73.02887
177,167.17242
157,163.85175
0,65.187164
250,187.91824
80,118.44626
253,184.23956
124,138.55
0,9.8819895
15,16.311571
97,137.82603
144,172.91833
65,84.71469
211,201.10876
172,156.84238
169,157.14812
82,58.64961
135,115.247734
233,51.490204
143,156.3748
242,202.79716
122,147.61882
96,135.19456
161,162.74179
11,9.480743
227,193.57376
170,124.68263
61,57.718117
30,37.69809
213,140.33688
180,138.65169
128,133.88907
5,6.699758
82,134.7867
160,184.7644
21,21.715992
46,57.727425
110,99.77393
92,80.660835
138,198.28943
105,139.36795
153,124.93884
127,173.51984
135,172.70387
90,65.223724
51,55.79637
113,167.74191
173,206.74881
2,18.622328
60,52.41628
207,155.70854
164,138.92139
138,130.01108
9,7.5608683
37,32.459927
43,48.475555
102,139.4593
66,73.01314
196,168.65283
97,140.42891
105,142.89812
137,170.16855
148,201.47571
42,40.12896
47,52.859577
142,146.74086
222,179.73483
18,16.065125
326,197.51323
76,73.336395
42,41.683464
55,57.19672
137,125.67026
19,22.02596
54,62.882515
122,172.27643
101,93.02382
143,174.11632
119,160.15533
13,12.849798
140,125.7101
146,118.42691
125,112.106316
98,107.49122
47,56.128326
127,180.4682
96,113.327286
214,190.4562
2,55.47167
122,106.08056
97,68.232056
11,16.30632
13,12.755469
7,7.0893006
69,83.03939
114,142.0455
113,168.20515
49,60.03146
55,44.31534
169,132.22057
37,31.420485
56,52.227478
111,132.0477
215,140.80365
17,19.876268
184,111.16692
82,187.42929
30,32.773556
128,106.78841
178,162.69005
144,153.16519
48,49.922405
111,190.56055
146,160.39206
17,20.273691
25,32.88057
89,80.38537
160,203.43347
188,208.6658
5,7.929745
42,42.018887
40,47.362476
114,159.29407
181,161.69807
133,122.28975
63,77.44991
179,198.31854
163,191.91284
163,168.15704
111,158.23244
43,35.340324
28,27.930689
90,112.63396
136,185.06314
63,67.024734
62,87.80388
82,142.39236
73,70.393005
137,105.433014
166,180.4739
216,210.71075
164,169.17467
191,200.49146
16,16.870588
62,44.16131
56,45.072613
192,118.24199
102,109.23164
93,125.888084
160,187.85449
54,55.464302
2,6.9915657
40,33.396217
235,186.2024
72,69.63597
45,43.573013
105,107.29358
81,139.88223
193,204.68584
79,91.05397
32,32.54205
33,44.675438
55,53.34461
67,51.88823
144,181.58633
40,44.07129
14,17.962286
111,123.05292
108,188.86789
58,62.69967
180,81.643234
68,70.62904
136,43.932175
122,111.35361
125,166.12094
275,198.78307
46,52.2372
49,51.365227
66,93.988464
77,115.072014
96,100.29178
157,148.53133
210,199.06323
137,143.24905
199,190.12842
89,116.816246
75,122.91301
147,180.62888
2,15.815631
43,51.05266
134,96.87443
143,133.7746
137,119.77677
182,186.41556
174,190.4471
60,58.70664
49,62.725395
202,203.46078
185,166.08127
252,182.66556
147,168.12848
116,147.63652
185,153.1315
95,116.057365
151,162.0622
177,140.7568
125,180.86203
58,89.44449
45,37.53849
47,41.521843
114,113.9563
40,43.16487
169,140.95921
244,167.49983
245,180.88434
165,141.2718
46,50.12513
53,57.138073
155,142.18979
157,135.3841
51,43.809303
102,113.355995
169,159.02417
49,52.848007
77,103.85011
15,17.812227
91,70.17631
192,183.66518
198,204.70586
116,139.56424
166,172.7211
48,43.434174
92,79.75769
247,205.02066
150,148.35776
133,182.62553
162,188.23343
112,102.16744
115,127.01865
165,188.87357
280,208.94414
211,204.78308
165,176.04402
7,7.994226
103,95.82089
127,149.37613
190,206.7146
155,188.96994
73,93.7538
90,77.81415
160,159.38477
65,61.234962
95,103.48201
113,105.08816
32,41.496475
111,127.81152
141,137.57301
64,59.00707
154,154.37633
56,53.69639
121,185.16809
127,157.31055
128,202.97397
60,72.986824
211,184.56485
281,164.4848
121,137.66446
32,35.295624
298,189.5569
54,58.039757
28,25.00554
175,168.08678
125,136.54457
136,179.36835
135,166.76599
351,196.31744
150,192.54156
174,194.84544
51,50.425327
149,208.25652
58,56.887527
223,154.65253
93,187.73096
64,74.90626
217,181.66844
225,180.68347
59,73.57042
13,15.949059
163,190.49948
83,91.24617
153,124.376305
40,41.35465
44,35.88707
180,155.52658
83,151.1586
128,136.28476
120,149.28265
72,64.86726
74,81.57283
126,160.6461
28,27.752987
19,21.660044
39,44.03746
32,37.13477
92,73.01114
71,75.12485
0,33.102066
31,33.097214
126,180.84428
55,57.25596
90,83.88509
77,75.47497
150,154.56354
57,63.621487
46,35.20011
181,184.50577
223,148.24857
25,29.530901
77,177.70628
45,34.349213
138,111.92476
143,149.27084
46,51.27404
115,175.99435
120,95.54529
78,72.67435
200,152.37445
115,125.51852
26,34.65069
123,151.41232
145,156.86075
58,52.688595
102,104.229904
0,40.737003
7,6.9906387
82,76.91729
39,39.28601
139,120.246735
108,129.13953
138,156.27417
110,82.82771
186,123.352394
173,125.860985
103,108.58177
12,17.47779
12,13.341893
116,108.30004
57,70.350136
112,126.04138
98,130.40112
156,148.63187
152,165.62903
83,84.14307
77,78.08659
48,51.020226
150,156.24556
122,173.70612
115,160.19867
98,80.18764
57,48.565784
149,177.10359
23,24.56207
72,85.41322
125,159.1484
138,144.25261
4,6.7301087
100,86.71646
219,157.16493
98,176.21326
137,136.46613
256,82.95149
67,59.834057
77,130.58633
80,70.32473
25,36.68241
165,167.87506
66,67.11492
167,183.86716
72,58.822353
84,93.98371
48,51.99642
42,36.132065
162,147.95956
135,168.9552
42,35.867386
115,98.52655
109,145.61053
245,165.4338
71,74.06336
40,49.668377
253,161.07175
177,167.82855
97,134.43112
130,103.194885
117,116.43814
152,151.99562
103,147.76242
200,200.19093
112,181.34283
141,151.47943
53,65.97357
124,108.78143
4,9.350454
24,25.740633
6,8.484807
120,110.42989
77,87.85019
59,75.75351
73,71.862656
207,161.83694
45,62.17611
29,30.458014
158,151.4189
37,56.451843
110,148.96637
95,90.402176
107,150.43578
111,191.2635
182,207.98502
113,91.886765
182,201.3078
144,176.43878
34,43.113045
201,208.64029
55,79.0757
113,146.58476
103,150.64432
64,68.8931
97,77.97821
55,61.243084
17,14.640788
39,39.164585
103,107.8943
71,70.887054
20,23.152025
155,159.31174
161,194.83258
38,48.170223
138,127.95471
20,28.725363
111,129.72984
78,75.49148
10,13.99404
142,186.37483
169,164.88925
134,197.97452
58,58.268112
146,139.00905
267,205.69066
157,102.37379
123,152.85417
137,181.25117
14,16.333654
142,144.94118
189,169.03976
142,196.7367
114,102.83479
177,193.7943
28,31.590479
69,77.210175
113,133.19472
18,20.539751
91,67.599014
80,90.99939
73,65.55901
79,77.43136
141,156.89754
84,114.23778
21,18.083124
211,196.54471
136,167.36041
119,117.12504
91,112.39607
150,139.32886
147,145.66757
167,180.95493
216,197.46365
64,66.1312
24,23.98768
49,60.42448
143,167.17871
44,53.194233
162,165.86676
269,201.17017
121,132.81723
59,58.04627
206,178.19264
27,28.815346
69,70.54442
66,74.95396
129,134.62723
110,89.07046
155,181.23993
144,150.82045
186,176.02008
199,210.0224
254,203.52612
117,165.04324
21,21.754103
182,199.27484
35,28.500261
68,65.94591
56,59.753723
206,181.84529
92,181.03537
8,9.164584
45,36.206837
19,17.523195
40,39.020313
23,22.177801
118,151.18156
15,16.552628
81,98.37434
146,134.23676
223,194.62863
83,87.66072
54,58.906837
61,68.98469
109,170.93478
193,192.6489
186,174.9693
264,190.19337
50,48.73597
161,187.20819
92,75.8727
10,12.307322
191,146.8057
129,93.54171
132,150.99223
35,48.806232
148,114.159294
71,94.28797
99,160.4238
60,48.258236
36,38.305008
159,203.58817
67,60.339813
42,57.317966
253,188.06915
122,130.0694
53,56.778492
112,180.87227
38,38.031723
175,200.13475
36,29.683805
70,52.27273
158,144.7247
90,81.28848
184,88.13794
141,126.53703
87,94.1978
90,63.767784
177,207.52509
205,182.9016
120,151.56247
58,74.94454
113,136.66693
106,125.98575
8,9.638483
221,208.16301
200,180.93433
224,199.12598
263,159.61072
40,43.139397
175,179.11957
4,28.802668
179,133.09752
95,117.0326
141,185.0173
106,71.01935
57,71.22156
27,29.604218
109,121.29592
167,183.42657
46,52.23445
59,60.374184
108,134.84258
32,21.37303
199,205.92316
16,12.219497
143,100.5353
114,130.28873
36,35.966377
118,148.04227
51,62.982468
131,90.98357
161,188.03479
248,200.12344
160,161.76947
17,24.157354
65,61.164757
91,116.48462
7,7.090837
176,188.11552
122,160.04147
62,59.854263
89,137.27759
177,192.10028
155,184.87865
223,160.89284
61,66.97662
109,129.10992
72,118.98284
110,146.89523
157,181.70164
229,186.8082
154,122.10387
156,152.80801
174,210.15167
188,204.51773
69,73.31944
23,25.35748
4,8.378803
30,30.00433
108,143.08331
115,109.47829
272,199.88461
21,23.814516
34,34.346874
18,15.483986
218,149.70245
116,85.01732
132,134.29306
0,9.540795
95,93.42932
13,14.189165
138,125.6027
94,125.83667
31,34.36254
189,157.23602
178,187.72917
18,16.873457
6,8.021384
245,197.64671
8,12.444516
225,150.391
103,113.80635
180,159.25044
24,22.477182
85,80.53679
50,50.5412
23,28.076897
174,211.18918
109,88.769035
125,158.89847
31,43.189827
126,163.63701
10,12.760424
97,117.26932
208,162.64337
12,10.177188
11,19.186975
171,196.90762
44,58.74937
215,162.74821
22,19.609953
191,152.85098
43,43.521065
102,81.690186
98,94.214455
31,25.686361
126,146.3109
151,102.2977
4,7.603864
68,64.050415
47,47.09885
104,165.36235
176,177.64268
177,149.92319
33,29.799896
16,16.251026
93,116.892265
100,67.14621
135,99.619705
98,84.444786
30,28.52294
9,13.160086
64,68.37842
231,194.81479
71,83.94836
71,83.48337
173,185.83475
236,167.9566
243,168.42444
138,109.58737
16,26.551105
114,108.935074
53,43.920483
161,101.03754
7,6.6410494
156,133.416
189,192.87238
55,60.090775
1,14.129829
4,14.789141
115,164.8182
35,42.404236
92,146.52737
137,184.44395
152,183.31827
4,10.561075
153,155.91489
92,72.04955
21,19.885988
66,73.932365
105,66.68329
102,119.01282
74,85.651405
55,56.132706
74,98.05362
88,88.23701
269,171.73999
129,185.4338
118,135.43347
33,45.254562
44,56.68938
174,177.19534
34,47.314674
162,123.708244
99,123.69864
63,82.81636
183,161.37393
75,109.129814
26,27.00361
68,68.394104
25,25.193476
37,35.551575
200,138.44048
37,43.82573
277,199.04759
183,178.73495
177,179.68187
154,127.88772
191,146.9615
40,36.839146
130,111.273834
21,23.654646
99,78.3832
210,207.09056
204,202.68881
141,171.8764
180,194.61655
156,124.03689
66,69.36822
88,181.22995
82,109.80402
88,94.61354
175,186.69983
38,43.870663
164,143.64792
2,19.265253
177,138.25574
52,58.01712
98,117.40024
169,184.88684
159,151.63416
92,86.78673
70,75.34356
105,131.59763
88,171.00517
237,203.85095
98,81.21162
64,90.17003
80,120.334564
6,10.022505
67,76.26894
328,196.34268
126,91.13754
75,65.53774
98,80.39523
78,115.42694
40,32.647728
189,201.75525
168,173.99438
40,44.17463
27,38.665554
92,104.655945
155,122.35361
1,16.712671
59,54.682205
93,110.15567
137,117.055435
167,202.87225
128,121.552864
24,25.076395
323,200.5503
166,185.4507
98,113.18425
266,199.21312
37,44.57351
4,9.598816
67,95.527954
18,18.850683
190,178.36357
187,92.50734
80,163.36354
15,16.936062
219,164.8713
4,7.3184114
4,6.3995495
61,74.170395
56,69.24588
56,54.74239
160,201.1759
232,178.11029
76,79.47291
119,183.29333
227,182.8685
56,56.696995
189,184.75978
63,67.95428
165,186.74182
86,75.27574
201,196.55583
132,174.4834
46,33.544296
12,16.86324
135,147.78041
188,154.6076
146,134.95813
25,26.298143
86,67.36769
140,107.44637
100,93.198
49,60.20738
124,190.53278
24,36.202713
10,7.819602
236,160.21198
124,151.28618
19,39.68315
52,56.19015
93,123.29925
177,160.28702
34,35.893803
68,90.186584
58,61.328487
7,7.9666815
86,99.48709
32,43.059406
21,29.65704
228,171.42401
197,189.9925
18,18.125994
54,59.017372
40,54.822445
47,41.57389
79,80.08289
67,66.02843
229,150.64392
100,95.916306
17,16.865616
62,59.633713
96,114.70008
170,142.48701
104,132.4404
115,129.90341
92,98.62222
143,155.29004
23,22.508093
144,185.93584
116,162.41684
8,10.923439
39,34.12471
183,135.85168
221,161.94885
184,204.01117
66,62.667236
172,157.03084
82,100.92352
97,64.63439
189,202.49442
67,73.13696
167,118.097015
69,68.00355
195,176.87799
20,21.94033
160,165.3053
2,61.25649
55,74.8696
121,200.619
83,75.73414
144,145.95593
118,136.12238
120,144.41339
157,196.8801
243,180.76993
93,82.36081
49,37.46028
65,69.210304
162,159.82031
80,83.8378
41,43.307613
29,39.86682
37,29.42711
68,83.06803
207,187.7551
91,137.62065
193,187.26987
194,194.06172
39,37.600418
96,69.699974
189,179.01874
8,6.602563
127,158.3363
283,153.2186
44,46.587692
52,76.51462
196,149.40189
37,42.474422
142,152.27155
187,197.80112
6,6.751993
107,125.75726
8,9.430468
232,158.56543
190,205.96957
70,63.05128
110,117.96994
165,125.5456
59,65.5361
57,59.278263
77,76.40172
47,61.971188
165,188.88496
35,38.357048
232,198.42578
134,139.2488
35,30.01585
105,170.43593
68,64.87651
144,138.49014
131,122.50145
205,166.78772
91,117.07995
141,136.99911
59,60.834805
92,111.40044
105,157.18619
122,167.79759
154,164.60489
41,38.184372
262,205.59375
59,76.58035
94,102.06607
95,122.61354
126,126.0206
130,182.06131
257,184.71281
125,144.26672
156,185.5502
52,62.69789
226,141.76709
87,116.25867
172,147.74696
86,129.2525
137,131.75977
121,124.25341
12,17.662874
136,122.80059
123,126.801575
77,87.43288
152,155.87646
143,143.3396
187,210.81421
55,47.51133
195,156.58813
72,72.332306
243,203.30864
134,188.24728
57,77.08154
58,76.84977
254,213.7972
239,56.981407
136,147.12581
29,30.87429
21,20.74235
16,22.330294
206,202.47151
68,71.737885
66,91.08843
64,74.90958
146,149.44928
2,35.285095
1,26.609299
114,109.52098
106,77.57703
43,49.137833
162,126.49985
7,9.196468
105,166.58891
129,132.26186
18,18.392496
29,24.044756
29,30.434212
262,202.59192
61,42.33761
148,141.77441
51,47.61599
139,161.44383
41,42.88406
253,187.675
16,23.125114
120,123.62382
89,97.14339
157,189.99216
110,143.87164
53,66.11128
97,109.80596
216,153.2652
154,113.54018
184,171.00092
46,54.026535
38,43.44674
34,41.36371
80,81.38835
111,134.16199
70,72.81181
70,60.737946
59,55.493668
45,61.886658
14,24.94066
143,178.76193
210,141.25119
88,133.34935
154,165.09135
45,43.602325
108,116.32488
121,140.30566
78,71.34267
54,67.977455
150,153.77197
149,124.71066
47,46.350636
104,82.45424
59,54.59545
50,65.84106
162,134.39409
71,63.836655
114,146.3042
4,8.432289
11,18.479225
115,142.6627
193,197.15094
111,142.17908
50,56.724464
92,116.651886
195,185.60349
113,134.70178
79,84.49502
4,12.762166
106,116.44443
140,126.56464
90,62.08882
21,23.368662
139,105.033806
79,74.67784
61,55.388695
168,178.61728
209,177.59998
8,8.46304
299,181.8428
114,187.08618
15,15.923317
74,65.99752
129,155.64719
42,42.813812
139,99.51506
47,42.76039
175,183.9525
153,152.43729
177,203.48889
83,81.41188
118,128.83757
11,11.400763
201,189.28046
204,189.82341
2,59.18744
33,33.175888
31,34.195087
310,205.86496
124,127.63765
74,99.31772
116,105.338806
89,70.58684
5,7.2674475
129,118.22288
214,193.26105
26,28.307478
3,16.640133
172,156.92415
2,29.170721
48,70.31533
43,49.126976
178,161.27225
119,122.06679
216,156.81058
68,77.41034
122,128.64622
12,13.06688
193,184.27069
201,161.22403
13,15.501898
76,78.48732
87,100.6821
72,68.831985
191,189.50287
33,24.095715
86,100.8775
218,143.43938
216,184.71667
37,35.885796
120,178.61687
27,19.507072
80,85.09358
10,11.769369
168,146.27963
157,115.83782
11,9.919241
63,69.2946
147,203.24162
181,188.13148
87,68.777336
76,116.67829
161,199.05383
69,70.60499
30,44.530533
195,188.64236
79,64.71829
98,92.69867
84,74.44526
106,82.91901
141,181.60684
109,174.80698
132,158.89963
119,95.88872
8,11.891544
73,95.25345
21,24.34238
156,166.40665
6,8.00161
113,78.7767
61,66.53265
261,203.0615
252,212.83566
62,76.66933
173,176.97408
190,199.10976
200,193.70367
27,27.003744
98,85.143456
129,124.81894
18,18.400417
204,144.06682
159,191.97437
191,199.68481
211,181.06818
175,187.85455
149,205.08218
188,55.393463
9,9.357858
12,14.811379
122,131.9596
174,125.21562
83,87.6549
110,130.5322
26,29.447643
145,153.73012
8,11.40621
90,69.79111
198,203.29413
82,76.72766
196,189.26956
186,108.117096
8,8.557071
23,24.982883
257,191.00195
189,209.02556
155,156.66966
96,95.133835
23,21.862406
137,120.56425
38,45.512
44,38.60225
198,142.46307
119,176.41223
237,208.22931
118,176.84065
70,75.356155
216,183.06128
50,42.77848
155,169.82642
159,185.62303
32,32.21449
109,130.22069
4,9.402203
91,165.54999
101,159.88725
87,98.287025
106,132.6204
44,46.26937
52,53.155262
83,113.440414
194,198.68066
130,187.35178
168,181.14886
187,155.62476
235,198.89009
159,146.21443
90,120.1708
66,66.48283
101,127.76355
31,31.532536
10,12.714769
85,109.40747
159,135.85242
167,117.05642
126,103.13875
89,126.00396
147,165.0435
41,53.559666
102,113.98017
62,59.460846
236,167.90378
102,108.53029
214,177.3707
2,12.611893
107,85.629684
166,147.23903
272,202.56573
139,145.41281
134,133.60632
207,192.20215
45,46.735096
4,6.638851
99,78.51349
90,107.51837
126,134.40674
92,67.12587
192,188.05255
222,162.20145
74,83.3845
164,151.01367
98,95.936295
107,149.0137
22,23.692156
120,109.71495
110,121.43118
94,95.503494
119,168.82181
76,76.97007
42,37.745773
258,184.80074
73,77.06288
54,70.575676
57,50.74398
43,49.410892
61,65.65637
204,200.14893
112,128.69492
82,71.22444
128,147.47792
31,36.216873
360,196.52332
163,164.92308
176,155.63675
153,150.90729
94,125.10569
74,105.672
194,199.01828
8,11.809115
156,144.81659
22,23.579979
99,83.425095
43,49.570225
42,35.905807
133,194.98323
38,32.80468
20,24.849764
163,154.5889
2,35.991287
28,30.13085
141,150.42262
183,133.70235
62,50.966667
48,58.66667
120,197.51697
3,7.47414
57,66.09961
195,207.62419
206,198.22667
92,118.506714
16,22.695963
162,191.38147
101,128.10452
118,84.238144
132,151.98175
92,151.411
24,24.395609
96,80.997086
137,197.4832
5,8.999304
157,150.71774
17,15.901253
96,123.35206
33,30.372261
29,24.58629
154,155.84483
15,13.302388
40,43.87236
67,97.54848
95,120.02815
4,6.7816954
40,36.947224
59,54.428314
8,6.8776608
11,15.776667
72,95.66162
118,85.531395
195,178.9137
1,18.645805
161,145.97069
118,108.53398
121,104.84489
46,45.522186
153,185.86526
50,51.46765
118,155.0763
52,51.629738
121,146.30331
133,153.25708
107,134.65715
56,55.13002
27,31.811255
188,205.93564
135,95.784805
153,208.84216
182,210.29059
125,155.63889
88,117.16771
154,149.79742
78,70.79449
212,32.002575
173,148.95264
67,92.02398
142,135.60681
109,159.86081
22,29.732565
63,69.48964
217,146.22153
157,145.71126
51,68.17352
65,81.4709
89,122.08894
118,141.44778
0,81.681564
26,24.014603
313,190.3403
282,212.31824
199,205.3357
76,78.67581
14,15.05322
187,185.04141
94,94.19593
130,161.07623
155,191.58405
39,45.98973
87,154.29697
162,157.79758
127,124.02092
133,123.706055
194,198.56134
57,91.82428
68,84.64126
24,26.098795
240,191.39102
42,39.981487
23,27.640938
61,77.20329
0,34.752922
150,129.8551
158,189.6661
221,175.78009
7,8.66086
49,47.59056
128,123.76867
155,117.00389
52,62.91059
80,106.7823
70,81.54933
141,186.97943
68,77.81772
126,146.1799
53,52.30957
164,172.85065
54,58.18822
163,179.80064
32,25.491375
29,30.814669
212,181.034
181,193.55289
70,77.62677
124,116.45341
128,194.42545
88,125.18871
60,80.358505
178,177.2473
140,152.46942
19,19.730482
62,59.439053
24,36.15271
205,175.23784
106,99.22439
54,48.607685
165,179.6609
215,173.06067
229,202.18523
140,186.23778
11,10.672052
96,74.36387
92,105.772675
68,95.331215
169,189.15288
129,143.67
139,166.75725
113,157.77328
152,139.6298
74,64.09966
107,110.629906
146,160.84451
148,145.99034
288,172.44305
88,124.98469
9,16.351645
75,85.299545
63,87.48739
145,153.94638
169,160.54245
91,124.364456
39,45.80912
258,189.75006
32,30.29109
81,70.19813
118,106.73178
21,22.720072
173,171.51169
165,171.3163
180,195.91594
113,87.751785
15,11.738298
78,100.37467
31,34.58883
21,20.220594
140,162.13748
6,10.811989
31,38.399025
22,24.874186
134,155.60501
167,151.18666
52,53.562428
34,31.300262
181,164.58792
4,5.837408
